{"Epoch":10,"Loss":0.05877845252471842,"Accuracy":0.79245,"_timestamp":1.74074361567424e+09,"_runtime":45.5954748,"_step":9,"_wandb":{"runtime":45}}